{"tenors": [1.0, 2.0, 3.0, 4.0, 5.0, 6.0, 7.0, 8.0, 9.0, 10.0, 15.0, 20.0, 25.0, 30.0], "maturities": [0.0833333333333333, 0.25, 0.5, 0.75, 1.0, 1.5, 2.0, 3.0, 4.0, 5.0, 7.0, 10.0, 15.0, 20.0, 25.0, 30.0], "surface": [[0.0007431476432407819, 0.0013383069209661608, 0.002066455784282347, 0.0027306864436535453, 0.0037802569822779214, 0.00503160034600265, 0.005263598159956487, 0.0053776887654511385, 0.004858539970143692, 0.004202932813341627, 0.0031462579137631432, 0.0012034803127252043, 0.0014772257878371553, 0.0016767022995789287, 0.0018345659278547848, 0.002789908560619142], [0.0009878770909908206, 0.0016603763535211757, 0.0024619420993345006, 0.00355209136705534, 0.004024938705868934, 0.004993846671602524, 0.00593840286747394, 0.005615321537601831, 0.004121352047945032, 0.003982294736191605, 0.0023278719174695726, 0.0012287346312067533, 0.0014161576921660108, 0.0017027329301671223, 0.0017969508212204999, 0.00276998461199097], [0.0009994354283549914, 0.001728847405515074, 0.0024875993462267717, 0.0035350259894512265, 0.0038452694791517813, 0.004907391179726346, 0.005062115195984619, 0.004573031542384846, 0.004272900918169491, 0.003655204502678098, 0.0020904002991022907, 0.0011943712323374638, 0.0013486960499112428, 0.001742413497675029, 0.0016992432980204863, 0.002694959695640579], [0.0009934790170092536, 0.0016534897543815004, 0.002346473882276545, 0.0032092307083450337, 0.003977449331482266, 0.0051491191467439535, 0.004567176194948401, 0.003942736999628595, 0.00395512514938573, 0.003330912792716754, 0.0018029661039519196, 0.001236815881405895, 0.001373198287152951, 0.0017613821102248444, 0.0017554810737813915, 0.002720264115257822], [0.0009803161174906164, 0.001617448630583491, 0.002214964145248829, 0.0027224095501201992, 0.003165179438541721, 0.0036988431018652873, 0.004132111989407332, 0.0038439030383038975, 0.003511113315535367, 0.0026807558729579906, 0.0017320542908715597, 0.0012027269752140173, 0.0013843405581201635, 0.001720342081369138, 0.0018145211225789142, 0.002792580861030893], [0.0009117341480274302, 0.0013791412679248678, 0.0020854784004286572, 0.0025704337229008334, 0.002836596112567429, 0.003229683047089945, 0.0034651752500436256, 0.0036467109401074524, 0.0032776647165157213, 0.002443422581263066, 0.0014965493871580045, 0.0012145971473448518, 0.0013902792598121938, 0.0017028971696103345, 0.0018270959078905136, 0.002837096069766768], [0.0008717946131175993, 0.0014308012684564008, 0.0019924449512303288, 0.0023925898974276696, 0.0027140644199191988, 0.0033888523638309722, 0.003220044620214843, 0.0033570166123387583, 0.002638144477580299, 0.0020891987949692714, 0.0016290423377326908, 0.0012263516121819678, 0.0013841377438061815, 0.0016259274038353533, 0.0019088605824037301, 0.0028768320916107795], [0.0008561859890691449, 0.001269683601468052, 0.0017426791601891228, 0.002107413891496999, 0.002309887803590561, 0.0029365380669418247, 0.002999666808605426, 0.0030602960674206933, 0.002365064176558069, 0.0017959443337683678, 0.0013020795750831409, 0.0012173678469360367, 0.0013866131536605837, 0.0015972079400143613, 0.0019558260423653737, 0.002882534160695708], [0.0008361759679336561, 0.0014064604274407106, 0.00197936128156994, 0.002329477562241569, 0.0025426374623249795, 0.0026824150109320544, 0.003026622776569237, 0.002439539907201587, 0.001939269000181353, 0.0017404047097610194, 0.0012549624909563388, 0.0011884657345699416, 0.0014051317126958878, 0.0017062138972503045, 0.002028008860759702, 0.002881391592977752], [0.000791915204263431, 0.001362403330604255, 0.0017413336585591261, 0.0019222074745154593, 0.0024141167443746483, 0.002491023212418425, 0.0029222753662966013, 0.002188152621676482, 0.0016840467892934817, 0.001592263098250594, 0.001136201985650472, 0.0011722904626029207, 0.0014131182986521773, 0.0017450606376024729, 0.00207064951574637, 0.002850552810844259], [0.0007739024270816443, 0.001295631701539901, 0.0014115269494614062, 0.0016412342441097215, 0.0018132745953353263, 0.0020376713248156744, 0.001859068759869159, 0.0015970963725617977, 0.001443924623736224, 0.0012587843333590615, 0.001137957598979102, 0.0011818896060326507, 0.0013796397639888787, 0.0017539717424014851, 0.0021801058131285986, 0.003019025759993003], [0.0005961250021338481, 0.0009639131120058528, 0.0012413050231532899, 0.0014384543730362603, 0.001474490197595472, 0.0015215373180482948, 0.0014291875741587006, 0.001514525640380418, 0.001111719873910691, 0.0010427781128342685, 0.0010990654860839333, 0.001121950348561505, 0.0014130080257067634, 0.0017885587222147743, 0.0020101462437136044, 0.0034356866004142026], [0.0005836735283475612, 0.0009930795898958043, 0.0012863204746779062, 0.0013416065155483169, 0.0014052125822377286, 0.0014614570890529865, 0.0013100906311860293, 0.0012932068319633644, 0.001113097049881361, 0.0010224158231622409, 0.0010695917942037392, 0.0012583820900686586, 0.0014875617188576107, 0.0019067762115328273, 0.0023087636591780925, 0.0024015633318417995], [0.0005495950431980897, 0.0008860709039265682, 0.0012014002454932861, 0.0013170352690325012, 0.001271546087780522, 0.0013295061535205331, 0.0013681426393107182, 0.0011759420984389507, 0.0010214337605565736, 0.0010529249855497403, 0.0012403578192598796, 0.0013446195906921532, 0.0015347744518225126, 0.001995859595023084, 0.0019436515916014252, 0.0019206897410839474]]}